{
  "vocab_size": 4096,
  "seq_len": 512,
  "best_lr_sp": 0.0031622776601683794,
  "best_lr_mup": 0.0031622776601683794,
  "test_perplexity": 2.617044191734397,
  "generation_metrics": {
    "n": 30,
    "xml_validity": 0.06666666666666667,
    "render_rate": 0.03333333333333333,
    "structural_validity": 0.23333333333333334
  },
  "sp_scaling": {
    "tiny": {
      "n_params": 1377408,
      "val_loss": 0.5913532516360283
    },
    "small": {
      "n_params": 3541440,
      "val_loss": 0.49732563734054563
    },
    "medium": {
      "n_params": 12391296,
      "val_loss": 0.5076269808411599
    },
    "large": {
      "n_params": 33827328,
      "val_loss": 1.7381662547588348
    },
    "xl": {
      "n_params": 88492800,
      "val_loss": 2.3875184655189514
    }
  },
  "mup_scaling": {
    "tiny": {
      "n_params": 1901696,
      "val_loss": 0.5504597443342208
    },
    "small": {
      "n_params": 4327872,
      "val_loss": 0.5101578870415687
    },
    "medium": {
      "n_params": 13964160,
      "val_loss": 0.5032356828451157
    },
    "large": {
      "n_params": 35924480,
      "val_loss": 0.4795672309398651
    },
    "xl": {
      "n_params": 91638528,
      "val_loss": 0.490025005042553
    }
  },
  "power_law_sp": {
    "alpha": 1.9981962148913741,
    "a": 6.765543924804994,
    "c": 1.1444005615152903,
    "N_ext": 884928000.0,
    "L_ext": 1.1444005615152903,
    "ci95": 2.3676117138753474
  },
  "power_law_mup": {
    "alpha": 1.0119787410344139,
    "a": 144887.6179895497,
    "c": 0.48568621799711326,
    "N_ext": 916385280.0,
    "L_ext": 0.48580969860400286,
    "ci95": 0.03954956836267222
  }
}